timestamp,title,summary,link,polarity,confidence,scorer_backend
2024-11-25 14:19:31,Jump in Tesla stock mostly driven by 'animal spirits/momentum' says UBS,,https://www.investing.com/news/stock-market-news/jump-in-tesla-stock-mostly-driven-by-animal-spiritsmomentum-says-ubs-3739718,0.6327006220817566,0.6327006220817566,finbert
2024-11-25 18:20:45,"Analyst calls Bitcoin 'global bubble', could soar to infinity",,https://www.investing.com/news/cryptocurrency-news/analyst-calls-bitcoin-global-bubble-could-soar-to-infinity-3740406,0.0,0.699082612991333,finbert
2024-11-25 21:05:30,Stock market today: Dow hits record as Trump's pick for Treasury stokes optimism,,https://www.investing.com/news/stock-market-news/stock-market-today-dow-hits-record-as-trumps-pick-for-treasury-stokes-optimism-3738482,0.8786985278129578,0.8786985278129578,finbert
2024-11-26 00:01:07,Trump says he will impose additional 10% tariffs on China over drug inflow,,https://www.investing.com/news/politics/trump-says-he-will-impose-additional-10-tariffs-on-china-over-drug-inflow-3741069,0.0,0.43040186166763306,finbert
2024-11-26 03:26:47,"S&P 500 positioning levels at record highs, pullback risks rise, Citi warns",,https://www.investing.com/news/stock-market-news/sp-500-positioning-levels-at-record-highs-pullback-risks-rise-citi-warns-3741245,0.7187885046005249,0.7187885046005249,finbert
2024-11-26 03:31:51,"Asia stocks fall after Trump threatens tariffs, Japan's Nikkei leads losses",,https://www.investing.com/news/stock-market-news/asia-stocks-fall-after-trump-threatens-tariffs-japans-nikkei-leads-losses-3741249,-0.9434677958488464,0.9434677958488464,finbert
2024-11-26 06:22:06,Bitcoin price today: slips to $94k as risk appetite sours on Trump tariff threat,,https://www.investing.com/news/cryptocurrency-news/bitcoin-price-today-slips-to-94k-as-risk-appetite-sours-on-trump-tariff-threat-3741330,-0.9717591404914856,0.9717591404914856,finbert
2024-11-26 08:26:03,2025 macro outlook for the US is 'murky at best' says Deutsche Bank,,https://www.investing.com/news/economy/2025-macro-outlook-for-the-us-is-murky-at-best-says-deutsche-bank-3741435,-0.9039038419723511,0.9039038419723511,finbert
2024-11-26 08:55:17,"Trump's tariffs, Fed minutes, Rumble's Bitcoin buy - what's moving markets",,https://www.investing.com/news/economy/trumps-tariffs-fed-minutes-rumbles-bitcoin-buy--whats-moving-markets-3741453,0.0,0.9205366969108582,finbert
2024-11-26 10:47:35,Deutsche Bank forecasts S&P 500 to hit 7000 by end of 2025,,https://www.investing.com/news/stock-market-news/deutsche-bank-forecasts-sp-500-to-hit-7000-by-end-of-2025-3741586,0.6780384182929993,0.6780384182929993,finbert
2026-07-06 16:55:03,Swiss Franc dips amid unemployment surprise and strong US Dollar,"USD/CHF gains 0.37% on Monday, trading around 0.8060 at the time of writing, as the US Dollar (USD) rebounds despite slightly softer expectations for further monetary tightening by the Federal Reserve (Fed).",https://www.fxstreet.com/news/swiss-franc-dips-amid-unemployment-surprise-strong-us-dollar-202607061655,-0.8592802286148071,0.8592802286148071,finbert
2026-07-06 16:56:37,"Gold consolidates below $4,200 as traders reassess Fed interest rate outlook","Gold (XAU/USD) consolidates losses on Monday as a firmer US Dollar (USD) and mild profit-taking cap gains following last week's rebound from a more than seven-month low of $3,941.",https://www.fxstreet.com/news/gold-edges-lower-as-firmer-us-dollar-caps-recovery-202607061130,-0.9496475458145142,0.9496475458145142,finbert
2026-07-06 17:51:03,"Dow Jones Industrial Average makes history, then thinks better of it","The Dow Jones Industrial Average (DJIA) finally crossed 53,000 on Monday, spiking to a record just above the handle in the opening minutes and holding it for roughly the length of the ceremony that produced it.",https://www.fxstreet.com/news/dow-jones-industrial-average-makes-history-then-thinks-better-of-it-202607061751,0.0,0.7276303768157959,finbert
2026-07-06 17:57:45,New Zealand Dollar: Hawkish RBNZ risks and range trading – Rabobank,"Rabobank’s FX Strategy team discusses the New Zealand Dollar (NZD) ahead of the July 8 Reserve Bank of New Zealand (RBNZ) meeting, where consensus and the bank expect a 25 bp hike to 2.5%.",https://www.fxstreet.com/news/new-zealand-dollar-hawkish-rbnz-risks-and-range-trading-rabobank-202607061757,0.6238449215888977,0.6238449215888977,finbert
2026-07-06 18:08:26,Crude Oil runs out of war and out of buyers,"West Texas Intermediate (WTI) has spent three weeks handing back what the war spent three months building, and the tape now reads as though February never ended.",https://www.fxstreet.com/news/crude-oil-runs-out-of-war-and-out-of-buyers-202607061808,0.0,0.5726079344749451,finbert
2026-07-06 18:12:42,United States Dollar Index trims gains as Fed hike bets fade,"The US Dollar Index (DXY) trims its gains on Monday after opening the week on a firmer note, as traders await greater clarity on the Federal Reserve's (Fed) interest rate path before placing fresh directional bets.",https://www.fxstreet.com/news/united-states-dollar-index-trims-gains-as-fading-fed-rate-hike-bets-cap-upside-202607061812,-0.8231139779090881,0.8231139779090881,finbert
2026-07-06 18:43:12,Gold slips as firm US yields cap post-NFP rebound,"Gold (XAU/USD) price retreats by some 0.50% on Monday as the Greenback remains steady despite traders repricing a less hawkish Federal Reserve (Fed) following last Thursday’s softer-than-expected jobs report. The XAU/USD pair trades at $4,153, down 0.50%.",https://www.fxstreet.com/news/gold-slips-as-firm-us-yields-cap-post-nfp-rebound-202607061843,-0.9743478894233704,0.9743478894233704,finbert
2026-07-06 18:53:59,New Zealand Dollar pressured by hawkish Fed tone,NZD/USD trades under pressure near the 0.5700 level as the US Dollar (USD) remains supported by hawkish-leaning comments from Federal Reserve (Fed) Governor Christopher Waller and resilient United States (US) services data.,https://www.fxstreet.com/news/new-zealand-dollar-pressured-by-hawkish-fed-tone-202607061853,-0.8161128163337708,0.8161128163337708,finbert
2026-07-06 19:12:00,Indonesia: Deficit raises external risk questions – Societe Generale,"Societe Generale’s Kunal Kundu analyzes Indonesia’s May 2026 trade data, highlighting the first deficit since the pandemic and a record Oil and Gas shortfall.",https://www.fxstreet.com/news/indonesia-deficit-raises-external-risk-questions-societe-generale-202607061912,-0.9112446904182434,0.9112446904182434,finbert
2026-07-06 19:58:00,Chinese Yuan: Depressed positioning offers re-entry – BNY,"BNY’s Geoff Yu stresses that Chinese equities and Chinese Yuan (CNY) remain heavily under-owned versus APAC (Asia-Pacific) peers, with cross-border holdings at very low levels.",https://www.fxstreet.com/news/chinese-yuan-depressed-positioning-offers-re-entry-bny-202607061958,-0.9698933959007263,0.9698933959007263,finbert
2026-07-06 20:09:56,Australian Dollar rises as softer Fed bets offset resilient US data,"The Australian Dollar (AUD) extends its rally into a third straight trading session, up 0.25% on Monday, as investors adjust their interest rate expectations for the Federal Reserve (Fed) following a soft US jobs report last week.",https://www.fxstreet.com/news/australian-dollar-rises-as-softer-fed-bets-offsets-resilient-us-data-202607062009,0.9320946931838989,0.9320946931838989,finbert
2026-07-06 20:41:35,Forex Today: US Dollar stays neutral as Fed’s Waller reinforces inflation commitment,The US Dollar Index (DXY) remains neutral near the 100.90 level at the end of the American session on Monday as investors digest hawkish comments from Federal Reserve (Fed) Governor Christopher Waller and resilient United States (US) services data.,https://www.fxstreet.com/news/forex-today-us-dollar-stays-neutral-as-feds-waller-reinforces-inflation-commitment-202607062041,-0.8503150343894958,0.8503150343894958,finbert
2026-07-06 20:56:17,Pound Sterling rallies into its own coronation,"GBP/USD has quietly put together eight consecutive higher daily closes, a grind from near 1.3150 that has delivered the pair directly onto its 200-day Exponential Moving Average (EMA), with the 50-day EMA just beneath it and the 1.3400 handle immediately overhead.",https://www.fxstreet.com/news/pound-sterling-rallies-into-its-own-coronation-202607062056,0.8772119879722595,0.8772119879722595,finbert
2026-07-06 21:01:00,Singapore Dollar: Range trade persists against US Dollar – UOB,"United Overseas Bank’s (UOB) Quek Ser Leang notes USD/SGD has seen downward momentum slow after last week’s sharp drop, with the pair expected to stay between 1.2900 and 1.2935 intraday. On a 1–3 week horizon, UOB maintains a neutral stance, projecting consolidation within 1.2890–1.2990.",https://www.fxstreet.com/news/singapore-dollar-range-trade-persists-against-us-dollar-uob-202607062101,-0.9474158883094788,0.9474158883094788,finbert
2026-07-06 21:38:18,Japanese Yen finds the line in the sand is mostly sand,"USD/JPY spent Monday doing what it has done for most of the year, grinding higher while officialdom watched.",https://www.fxstreet.com/news/japanese-yen-finds-the-line-in-the-sand-is-mostly-sand-202607062138,0.8113464713096619,0.8113464713096619,finbert
2026-07-06 22:07:45,"Silver Price Forecast: XAG/USD rally stalls, sellers eye $60.00","Silver price retreats by over 1% on Monday, even as the Greenback and US Treasury yields edge lower, with the white metal threatening to drop below $60 for the first time this week. At the time of writing, the XAG/USD trades at $61.80, after peaking at around $63.28 earlier during the day,",https://www.fxstreet.com/news/silver-price-forecast-xag-usd-rally-stalls-sellers-eye-6000-202607062207,-0.9725425243377686,0.9725425243377686,finbert
2026-07-06 22:50:29,GBP/JPY Price Forecast: Rallies and hits 18-year highs above 217.00,"The British Pound rallies to an 18-year high against the Japanese Yen, registering solid gains of over 0.77% as the GBP/JPY clears the previous year-to-date (YTD) high of 216.60 as the cross-pair clears the 217.00 figure for the first time since January 2008.",https://www.fxstreet.com/news/gbp-jpy-price-forecast-rallies-and-hits-18-year-highs-above-21700-202607062250,0.9191150665283203,0.9191150665283203,finbert
2026-07-07 00:55:18,Australian Dollar declines as ANZ–Indeed Job Ads drop in June,"AUD/USD inches lower after two days of gains, trading around 0.6950 during the Asian hours on Tuesday. The Australian Dollar (AUD) faces downward pressure as weakening economic sentiment amid a cooling labor market signals that high borrowing costs are taking a toll.",https://www.fxstreet.com/news/australian-dollar-declines-as-anz-indeed-job-ads-drop-in-june-202607070055,-0.9734290838241577,0.9734290838241577,finbert
2026-07-07 01:08:27,Euro extends the range play above 1.1400 as Hormuz risks support USD,"The EUR/USD pair extends its sideways consolidative price move during the Asian session on Tuesday, though it manages to hold comfortably above the 1.1400 mark. Moreover, spot prices remain well within striking distance of a nearly two-week high, touched last Thursday.",https://www.fxstreet.com/news/euro-extends-the-range-play-above-11400-as-hormuz-risks-support-usd-202607070108,0.9038382768630981,0.9038382768630981,finbert
2026-07-07 01:15:55,PBOC sets USD/CNY reference rate at 6.8054 vs. 6.8066 previous,The People’s Bank of China (PBOC) sets the USD/CNY central rate for the trading session ahead on Tuesday at 6.8054 compared to the previous day's fix of 6.8066 and 6.7838 Reuters estimate.,https://www.fxstreet.com/news/pboc-sets-usd-cny-reference-rate-at-68054-vs-68066-previous-202607070115,-0.6344996690750122,0.6344996690750122,finbert
2026-07-07 01:42:04,British Pound gains as easing Fed hike bets weigh on US Dollar,"GBP/USD continues its winning streak for the ninth consecutive day, trading around 1.3390 during the Asian hours on Tuesday.",https://www.fxstreet.com/news/british-pound-gains-as-easing-fed-hike-bets-weigh-on-us-dollar-202607070142,0.898357093334198,0.898357093334198,finbert
2026-07-07 01:58:39,Iran strikes commercial ships in the Strait of Hormuz,"Bloomberg carried a story by an Axios reporter late Monday, citing a US official, that Iran fired at least two missiles at commercial ships transiting through the Strait of Hormuz.",https://www.fxstreet.com/news/iran-strikes-commercial-ships-in-the-strait-of-hormuz-202607070158,-0.6584238409996033,0.6584238409996033,finbert
2026-07-07 02:06:45,"Japan’s Kiuchi: Tokyo is not easing fiscal discipline, presenting it clearly in the economic plan","Minoru Kiuchi, Minister of State for Economic and Fiscal Policy of Japan, said on Tuesday that “Tokyo is not easing fiscal discipline, presenting it clearly in the economic plan.”",https://www.fxstreet.com/news/japans-kiuchi-tokyo-is-not-easing-fiscal-discipline-presenting-it-clearly-in-the-economic-plan-202607070206,0.0,0.8109201192855835,finbert
2026-07-07 02:24:58,WTI rises above $69.00 as Iran strikes commercial vessels in Hormuz,"West Texas Intermediate (WTI) oil price gains ground after registering modest losses in the previous day, trading around $69.20 per barrel during the Asian hours on Tuesday. Crude oil prices receive a temporary boost following renewed geopolitical tensions in the Strait of Hormuz.",https://www.fxstreet.com/news/wti-rises-above-6900-as-iran-strikes-commercial-vessels-in-hormuz-202607070224,0.9319528341293335,0.9319528341293335,finbert
2026-07-07 02:26:17,Japanese Yen strengthens amid looming intervention risks; lacks bullish conviction,The USD/JPY pair extends the previous day's late pullback from the vicinity of mid-162.00s and attracts some follow-through sellers during the Asian session on Tuesday.,https://www.fxstreet.com/news/japanese-yen-strengthens-amid-looming-intervention-risks-lacks-bullish-conviction-202607070226,0.8753302693367004,0.8753302693367004,finbert
2026-07-07 03:33:24,Why is Nextage stock tumbling today?,,https://www.investing.com/news/stock-market-news/why-is-nextage-stock-tumbling-today-93CH-4778200,-0.8006942868232727,0.8006942868232727,finbert
2026-07-07 03:48:28,China smartphone sales drop 13% during 618 festival as memory costs limit discounts,,https://www.investing.com/news/stock-market-news/china-smartphone-sales-drop-13-during-618-festival-as-memory-costs-limit-discounts-4778203,-0.9737328290939331,0.9737328290939331,finbert
2026-07-07 03:48:49,Meta says US states are seeking $1.4 trillion in penalties in August youth safety trial,,https://www.investing.com/news/stock-market-news/meta-says-us-states-are-seeking-14-trillion-in-penalties-in-august-youth-safety-trial-4778202,-0.9360089898109436,0.9360089898109436,finbert
2026-07-07 03:57:19,Asia stocks fall as AI valuation fears overshadow Samsung’s blockbuster earnings,,https://www.investing.com/news/stock-market-news/asia-stocks-fall-as-ai-valuation-fears-overshadow-samsungs-blockbuster-earnings-4778205,-0.9547196626663208,0.9547196626663208,finbert
2026-07-07 04:04:04,Silver Price Forecast: XAG/USD corrects further to near $61 as oil prices attract bids,Silver price (XAG/USD) is down 1.35% to near $61.00 during the Asian trading session on Tuesday.,https://www.fxstreet.com/news/silver-price-forecast-xag-usd-corrects-further-to-near-61-as-oil-prices-attract-bids-202607070404,-0.9752532839775085,0.9752532839775085,finbert
2026-07-07 04:13:13,"Samsung flags 19-fold jump in profit, but shares slump on jitters AI boom may stall",,https://www.investing.com/news/stock-market-news/samsung-estimates-19fold-rise-in-q2-operating-profit-beating-expectations-4777937,-0.8813876509666443,0.8813876509666443,finbert
2026-07-07 04:32:17,Asia chip shares slide as Samsung earnings fail to calm AI valuation fears,,https://www.investing.com/news/stock-market-news/asia-chip-shares-fall-as-samsung-earnings-fail-to-calm-ai-valuation-fears-4778207,-0.9497721791267395,0.9497721791267395,finbert
2026-07-07 04:35:13,"India Gold price today: Gold falls, according to FXStreet data","Gold prices fell in India on Tuesday, according to data compiled by FXStreet.",https://www.fxstreet.com/news/india-gold-price-today-gold-falls-according-to-fxstreet-data-202607070435,-0.9693588018417358,0.9693588018417358,finbert
2026-07-07 04:39:56,AUD/USD Price Forecast: Eases from two-week top; 38.2% Fibo. near 0.6955 holds the key,"The AUD/USD retreats slightly from the 0.6960 area, or a two-week high, touched during the Asian session on Tuesday, and, for now, seems to have snapped a three-day winning streak.",https://www.fxstreet.com/news/aud-usd-price-forecast-eases-from-two-week-top-382-fibo-near-06955-holds-the-key-202607070439,-0.9527090787887573,0.9527090787887573,finbert
2026-07-07 04:45:24,Gold declines as reviving inflation fears outweigh receding Fed rate hike bets and soft USD,"Gold (XAU/USD) attracts sellers for the second straight day and drops to the $4,125-$4,124 region during the Asian session on Tuesday. Crude oil prices edge higher amid renewed tensions in the Strait of Hormuz, reviving inflationary concerns.",https://www.fxstreet.com/news/gold-declines-as-reviving-inflation-fears-outweigh-receding-fed-rate-hike-bets-and-soft-usd-202607070445,-0.9654410481452942,0.9654410481452942,finbert
2026-07-07 04:48:48,Japan real wages rise for fifth straight month in May,,https://www.investing.com/news/stock-market-news/japan-real-wages-rise-for-fifth-straight-month-in-may-93CH-4778210,-0.5398581027984619,0.5398581027984619,finbert
2026-07-07 04:56:26,New Zealand Dollar remains subdued as US Dollar gains on renewed Hormuz tensions,"NZD/USD inches lower for the second successive day, trading around 0.5700 during the Asian hours on Tuesday. The currency pair depreciates as the US Dollar (USD) holds ground, which could be attributed to the renewed geopolitical tensions in the Strait of Hormuz.",https://www.fxstreet.com/news/new-zealand-dollar-remains-subdued-as-us-dollar-gains-on-renewed-hormuz-tensions-202607070456,-0.9719529151916504,0.9719529151916504,finbert
2026-07-07 05:03:25,"Trump plans to restore Turkey’s F-35 access, NYT reports",,https://www.investing.com/news/stock-market-news/trump-plans-to-restore-turkeys-f35-access-nyt-reports-93CH-4778212,0.9117287397384644,0.9117287397384644,finbert
2026-07-07 05:05:25,Why is Cochin Shipyard stock sliding today?,,https://www.investing.com/news/stock-market-news/why-is-cochin-shipyard-stock-sliding-today-93CH-4778213,-0.9358056783676147,0.9358056783676147,finbert
2026-07-07 05:16:38,WiseTech founder Richard White steps down as chair amid scrutiny,,https://www.investing.com/news/stock-market-news/wisetech-founder-richard-white-steps-down-as-chair-amid-scrutiny-4778214,-0.7859380841255188,0.7859380841255188,finbert
